subject,data,modality,layer,contrast,focus,runType,session
sub-05,4.08690216968672,BOLD,1,visuotactile,v1,blockStim,ses-001
sub-05,6.051456148175327,BOLD,2,visuotactile,v1,blockStim,ses-001
sub-05,7.85899300776698,BOLD,3,visuotactile,v1,blockStim,ses-001
sub-05,8.959457820616894,BOLD,4,visuotactile,v1,blockStim,ses-001
sub-05,10.573303398669612,BOLD,5,visuotactile,v1,blockStim,ses-001
sub-05,12.868316011141157,BOLD,6,visuotactile,v1,blockStim,ses-001
sub-05,16.649905073911622,BOLD,7,visuotactile,v1,blockStim,ses-001
sub-05,19.968664866505247,BOLD,8,visuotactile,v1,blockStim,ses-001
sub-05,23.63804140472412,BOLD,9,visuotactile,v1,blockStim,ses-001
sub-05,25.554285082900734,BOLD,10,visuotactile,v1,blockStim,ses-001
sub-05,25.9658145904541,BOLD,11,visuotactile,v1,blockStim,ses-001
sub-05,2.2218183166792937,BOLD,1,visuotactile,v1,eventStim,ses-001
sub-05,3.1636827404080834,BOLD,2,visuotactile,v1,eventStim,ses-001
sub-05,4.1248959726711485,BOLD,3,visuotactile,v1,eventStim,ses-001
sub-05,4.598868141031784,BOLD,4,visuotactile,v1,eventStim,ses-001
sub-05,5.867099722606255,BOLD,5,visuotactile,v1,eventStim,ses-001
sub-05,7.58297602333025,BOLD,6,visuotactile,v1,eventStim,ses-001
sub-05,10.12362741796594,BOLD,7,visuotactile,v1,eventStim,ses-001
sub-05,12.219931891470244,BOLD,8,visuotactile,v1,eventStim,ses-001
sub-05,14.280862785339355,BOLD,9,visuotactile,v1,eventStim,ses-001
sub-05,15.094092536390873,BOLD,10,visuotactile,v1,eventStim,ses-001
sub-05,15.159158184414817,BOLD,11,visuotactile,v1,eventStim,ses-001
sub-05,0.621869814017509,VASO,1,visuotactile,v1,blockStim,ses-001
sub-05,1.3334583943347622,VASO,2,visuotactile,v1,blockStim,ses-001
sub-05,2.258752833637926,VASO,3,visuotactile,v1,blockStim,ses-001
sub-05,3.0756503580751255,VASO,4,visuotactile,v1,blockStim,ses-001
sub-05,3.4797473471440004,VASO,5,visuotactile,v1,blockStim,ses-001
sub-05,3.8479855700602963,VASO,6,visuotactile,v1,blockStim,ses-001
sub-05,4.446376272162101,VASO,7,visuotactile,v1,blockStim,ses-001
sub-05,5.196573272432116,VASO,8,visuotactile,v1,blockStim,ses-001
sub-05,6.4992010145187376,VASO,9,visuotactile,v1,blockStim,ses-001
sub-05,7.601079503319373,VASO,10,visuotactile,v1,blockStim,ses-001
sub-05,8.818516041551318,VASO,11,visuotactile,v1,blockStim,ses-001
sub-05,0.20825947145198098,VASO,1,visuotactile,v1,eventStim,ses-001
sub-05,0.5785272360203058,VASO,2,visuotactile,v1,eventStim,ses-001
sub-05,0.9842950922471506,VASO,3,visuotactile,v1,eventStim,ses-001
sub-05,1.1716354040267027,VASO,4,visuotactile,v1,eventStim,ses-001
sub-05,1.459134002513391,VASO,5,visuotactile,v1,eventStim,ses-001
sub-05,1.7944026830373332,VASO,6,visuotactile,v1,eventStim,ses-001
sub-05,2.390257814212849,VASO,7,visuotactile,v1,eventStim,ses-001
sub-05,2.8684169118377296,VASO,8,visuotactile,v1,eventStim,ses-001
sub-05,3.450158613204956,VASO,9,visuotactile,v1,eventStim,ses-001
sub-05,3.938418377909744,VASO,10,visuotactile,v1,eventStim,ses-001
sub-05,4.402808504445212,VASO,11,visuotactile,v1,eventStim,ses-001
sub-05,2.367111020854541,BOLD,1,visuotactile,s1,blockStim,ses-001
sub-05,3.064341338723898,BOLD,2,visuotactile,s1,blockStim,ses-001
sub-05,3.0586633549204896,BOLD,3,visuotactile,s1,blockStim,ses-001
sub-05,3.0493043434734526,BOLD,4,visuotactile,s1,blockStim,ses-001
sub-05,2.7358709283961127,BOLD,5,visuotactile,s1,blockStim,ses-001
sub-05,2.9891426837507713,BOLD,6,visuotactile,s1,blockStim,ses-001
sub-05,3.37345149635144,BOLD,7,visuotactile,s1,blockStim,ses-001
sub-05,4.29002935248752,BOLD,8,visuotactile,s1,blockStim,ses-001
sub-05,5.2704361560297945,BOLD,9,visuotactile,s1,blockStim,ses-001
sub-05,6.823074351657521,BOLD,10,visuotactile,s1,blockStim,ses-001
sub-05,8.642192678792137,BOLD,11,visuotactile,s1,blockStim,ses-001
sub-05,0.9319434487039134,BOLD,1,visuotactile,s1,eventStim,ses-001
sub-05,0.7100663139174382,BOLD,2,visuotactile,s1,eventStim,ses-001
sub-05,0.4590321847437216,BOLD,3,visuotactile,s1,eventStim,ses-001
sub-05,0.1638016001536296,BOLD,4,visuotactile,s1,eventStim,ses-001
sub-05,0.03143411667014544,BOLD,5,visuotactile,s1,eventStim,ses-001
sub-05,-0.11979251751240264,BOLD,6,visuotactile,s1,eventStim,ses-001
sub-05,0.03927642008605993,BOLD,7,visuotactile,s1,eventStim,ses-001
sub-05,0.09326957859272181,BOLD,8,visuotactile,s1,eventStim,ses-001
sub-05,0.7451266274948983,BOLD,9,visuotactile,s1,eventStim,ses-001
sub-05,1.990713969719681,BOLD,10,visuotactile,s1,eventStim,ses-001
sub-05,3.130088244165693,BOLD,11,visuotactile,s1,eventStim,ses-001
sub-05,1.1027187749388672,VASO,1,visuotactile,s1,blockStim,ses-001
sub-05,1.51146510085091,VASO,2,visuotactile,s1,blockStim,ses-001
sub-05,1.826859156734177,VASO,3,visuotactile,s1,blockStim,ses-001
sub-05,1.9965203613615954,VASO,4,visuotactile,s1,blockStim,ses-001
sub-05,2.26475548873154,VASO,5,visuotactile,s1,blockStim,ses-001
sub-05,2.652442036791051,VASO,6,visuotactile,s1,blockStim,ses-001
sub-05,3.3067552174599664,VASO,7,visuotactile,s1,blockStim,ses-001
sub-05,3.323654920209286,VASO,8,visuotactile,s1,blockStim,ses-001
sub-05,2.6394438636580517,VASO,9,visuotactile,s1,blockStim,ses-001
sub-05,-0.07183118469335815,VASO,10,visuotactile,s1,blockStim,ses-001
sub-05,-2.3188091963529587,VASO,11,visuotactile,s1,blockStim,ses-001
sub-05,0.33497475806091515,VASO,1,visuotactile,s1,eventStim,ses-001
sub-05,0.36171674259627856,VASO,2,visuotactile,s1,eventStim,ses-001
sub-05,0.17313433225665772,VASO,3,visuotactile,s1,eventStim,ses-001
sub-05,0.360632568382873,VASO,4,visuotactile,s1,eventStim,ses-001
sub-05,0.5735910713600998,VASO,5,visuotactile,s1,eventStim,ses-001
sub-05,1.0400931408747713,VASO,6,visuotactile,s1,eventStim,ses-001
sub-05,1.093102959107678,VASO,7,visuotactile,s1,eventStim,ses-001
sub-05,1.0896195088794758,VASO,8,visuotactile,s1,eventStim,ses-001
sub-05,0.46729977332585143,VASO,9,visuotactile,s1,eventStim,ses-001
sub-05,-0.1740703087892722,VASO,10,visuotactile,s1,eventStim,ses-001
sub-05,-0.6638553028127977,VASO,11,visuotactile,s1,eventStim,ses-001
sub-06,3.792034094201644,BOLD,1,visuotactile,v1,blockStim,ses-001
sub-06,4.678930927440524,BOLD,2,visuotactile,v1,blockStim,ses-001
sub-06,4.686637042249952,BOLD,3,visuotactile,v1,blockStim,ses-001
sub-06,4.4685658102618975,BOLD,4,visuotactile,v1,blockStim,ses-001
sub-06,4.581065962780012,BOLD,5,visuotactile,v1,blockStim,ses-001
sub-06,4.422388829143816,BOLD,6,visuotactile,v1,blockStim,ses-001
sub-06,5.137278105396388,BOLD,7,visuotactile,v1,blockStim,ses-001
sub-06,5.536905115444056,BOLD,8,visuotactile,v1,blockStim,ses-001
sub-06,7.340786868935987,BOLD,9,visuotactile,v1,blockStim,ses-001
sub-06,9.012929347230166,BOLD,10,visuotactile,v1,blockStim,ses-001
sub-06,10.191992337887104,BOLD,11,visuotactile,v1,blockStim,ses-001
sub-06,1.2817354948948259,BOLD,1,visuotactile,v1,eventStim,ses-001
sub-06,2.3911883832886813,BOLD,2,visuotactile,v1,eventStim,ses-001
sub-06,3.157017059251666,BOLD,3,visuotactile,v1,eventStim,ses-001
sub-06,3.9624871149869034,BOLD,4,visuotactile,v1,eventStim,ses-001
sub-06,4.696249164947091,BOLD,5,visuotactile,v1,eventStim,ses-001
sub-06,5.157780665316079,BOLD,6,visuotactile,v1,eventStim,ses-001
sub-06,5.86032126376878,BOLD,7,visuotactile,v1,eventStim,ses-001
sub-06,6.4058614398392155,BOLD,8,visuotactile,v1,eventStim,ses-001
sub-06,6.2312946090959525,BOLD,9,visuotactile,v1,eventStim,ses-001
sub-06,6.193346093340618,BOLD,10,visuotactile,v1,eventStim,ses-001
sub-06,5.785625147513854,BOLD,11,visuotactile,v1,eventStim,ses-001
sub-06,0.25942512780792365,VASO,1,visuotactile,v1,blockStim,ses-001
sub-06,1.038189743924886,VASO,2,visuotactile,v1,blockStim,ses-001
sub-06,1.739184928366116,VASO,3,visuotactile,v1,blockStim,ses-001
sub-06,2.6864040662914936,VASO,4,visuotactile,v1,blockStim,ses-001
sub-06,3.7532132681306094,VASO,5,visuotactile,v1,blockStim,ses-001
sub-06,4.425541659719066,VASO,6,visuotactile,v1,blockStim,ses-001
sub-06,5.120025156149223,VASO,7,visuotactile,v1,blockStim,ses-001
sub-06,5.050047080281755,VASO,8,visuotactile,v1,blockStim,ses-001
sub-06,4.199144938310021,VASO,9,visuotactile,v1,blockStim,ses-001
sub-06,2.1103810617109624,VASO,10,visuotactile,v1,blockStim,ses-001
sub-06,0.7369127227709844,VASO,11,visuotactile,v1,blockStim,ses-001
sub-06,1.0342452108958715,VASO,1,visuotactile,v1,eventStim,ses-001
sub-06,1.655131976213306,VASO,2,visuotactile,v1,eventStim,ses-001
sub-06,2.2603246599435804,VASO,3,visuotactile,v1,eventStim,ses-001
sub-06,2.878350512662404,VASO,4,visuotactile,v1,eventStim,ses-001
sub-06,3.300368550552489,VASO,5,visuotactile,v1,eventStim,ses-001
sub-06,3.4604487274038163,VASO,6,visuotactile,v1,eventStim,ses-001
sub-06,3.559792284645251,VASO,7,visuotactile,v1,eventStim,ses-001
sub-06,3.4351626097316474,VASO,8,visuotactile,v1,eventStim,ses-001
sub-06,2.953091106829648,VASO,9,visuotactile,v1,eventStim,ses-001
sub-06,2.3702845929599388,VASO,10,visuotactile,v1,eventStim,ses-001
sub-06,1.7110355730431202,VASO,11,visuotactile,v1,eventStim,ses-001
sub-06,0.10322406100617214,BOLD,1,visuotactile,s1,blockStim,ses-001
sub-06,0.26623743318993115,BOLD,2,visuotactile,s1,blockStim,ses-001
sub-06,0.6533752412360627,BOLD,3,visuotactile,s1,blockStim,ses-001
sub-06,1.3347973790879433,BOLD,4,visuotactile,s1,blockStim,ses-001
sub-06,1.9030882743570734,BOLD,5,visuotactile,s1,blockStim,ses-001
sub-06,2.507502512786434,BOLD,6,visuotactile,s1,blockStim,ses-001
sub-06,3.30278119466443,BOLD,7,visuotactile,s1,blockStim,ses-001
sub-06,4.597345070961194,BOLD,8,visuotactile,s1,blockStim,ses-001
sub-06,6.164914516302256,BOLD,9,visuotactile,s1,blockStim,ses-001
sub-06,7.617917918087391,BOLD,10,visuotactile,s1,blockStim,ses-001
sub-06,7.59472186057294,BOLD,11,visuotactile,s1,blockStim,ses-001
sub-06,1.1948141491209918,BOLD,1,visuotactile,s1,eventStim,ses-001
sub-06,1.7700056293304416,BOLD,2,visuotactile,s1,eventStim,ses-001
sub-06,2.331773545127362,BOLD,3,visuotactile,s1,eventStim,ses-001
sub-06,3.264152165187093,BOLD,4,visuotactile,s1,eventStim,ses-001
sub-06,4.505976773442372,BOLD,5,visuotactile,s1,eventStim,ses-001
sub-06,5.828382540494204,BOLD,6,visuotactile,s1,eventStim,ses-001
sub-06,7.409517597461092,BOLD,7,visuotactile,s1,eventStim,ses-001
sub-06,8.311888480797792,BOLD,8,visuotactile,s1,eventStim,ses-001
sub-06,8.436932148077549,BOLD,9,visuotactile,s1,eventStim,ses-001
sub-06,7.75060974614004,BOLD,10,visuotactile,s1,eventStim,ses-001
sub-06,6.834908809818205,BOLD,11,visuotactile,s1,eventStim,ses-001
sub-06,-0.3577329849146984,VASO,1,visuotactile,s1,blockStim,ses-001
sub-06,-0.11996882819179175,VASO,2,visuotactile,s1,blockStim,ses-001
sub-06,0.4167020584573038,VASO,3,visuotactile,s1,blockStim,ses-001
sub-06,1.065690266684844,VASO,4,visuotactile,s1,blockStim,ses-001
sub-06,1.667031607371481,VASO,5,visuotactile,s1,blockStim,ses-001
sub-06,2.1955916150990458,VASO,6,visuotactile,s1,blockStim,ses-001
sub-06,2.5792049001092496,VASO,7,visuotactile,s1,blockStim,ses-001
sub-06,3.139800918216889,VASO,8,visuotactile,s1,blockStim,ses-001
sub-06,3.2348369791960487,VASO,9,visuotactile,s1,blockStim,ses-001
sub-06,2.4353433539672347,VASO,10,visuotactile,s1,blockStim,ses-001
sub-06,1.6083029958679051,VASO,11,visuotactile,s1,blockStim,ses-001
sub-06,0.3517422444949096,VASO,1,visuotactile,s1,eventStim,ses-001
sub-06,0.7952973121318264,VASO,2,visuotactile,s1,eventStim,ses-001
sub-06,1.091710320153652,VASO,3,visuotactile,s1,eventStim,ses-001
sub-06,1.4969362238278756,VASO,4,visuotactile,s1,eventStim,ses-001
sub-06,2.146137530751088,VASO,5,visuotactile,s1,eventStim,ses-001
sub-06,2.8634965419769287,VASO,6,visuotactile,s1,eventStim,ses-001
sub-06,3.498913616373919,VASO,7,visuotactile,s1,eventStim,ses-001
sub-06,3.703065343392201,VASO,8,visuotactile,s1,eventStim,ses-001
sub-06,3.508972869469569,VASO,9,visuotactile,s1,eventStim,ses-001
sub-06,3.0181150925293396,VASO,10,visuotactile,s1,eventStim,ses-001
sub-06,2.508047109744588,VASO,11,visuotactile,s1,eventStim,ses-001
sub-07,2.8083431941873216,BOLD,1,visuotactile,v1,blockStim,ses-001
sub-07,3.1851952013459406,BOLD,2,visuotactile,v1,blockStim,ses-001
sub-07,4.1626659263789225,BOLD,3,visuotactile,v1,blockStim,ses-001
sub-07,5.891032118228766,BOLD,4,visuotactile,v1,blockStim,ses-001
sub-07,8.517187267682777,BOLD,5,visuotactile,v1,blockStim,ses-001
sub-07,10.927536538352973,BOLD,6,visuotactile,v1,blockStim,ses-001
sub-07,12.121178688990293,BOLD,7,visuotactile,v1,blockStim,ses-001
sub-07,12.50070910374682,BOLD,8,visuotactile,v1,blockStim,ses-001
sub-07,11.658441502382889,BOLD,9,visuotactile,v1,blockStim,ses-001
sub-07,10.003762464487938,BOLD,10,visuotactile,v1,blockStim,ses-001
sub-07,9.450890432111919,BOLD,11,visuotactile,v1,blockStim,ses-001
sub-07,4.305808953820344,BOLD,1,visuotactile,v1,eventStim,ses-001
sub-07,4.808844653454773,BOLD,2,visuotactile,v1,eventStim,ses-001
sub-07,5.993315981244141,BOLD,3,visuotactile,v1,eventStim,ses-001
sub-07,6.726558999908276,BOLD,4,visuotactile,v1,eventStim,ses-001
sub-07,7.525589261828242,BOLD,5,visuotactile,v1,eventStim,ses-001
sub-07,8.531767819409032,BOLD,6,visuotactile,v1,eventStim,ses-001
sub-07,9.478896814567303,BOLD,7,visuotactile,v1,eventStim,ses-001
sub-07,10.59985938990632,BOLD,8,visuotactile,v1,eventStim,ses-001
sub-07,11.501659346929449,BOLD,9,visuotactile,v1,eventStim,ses-001
sub-07,12.427251977579933,BOLD,10,visuotactile,v1,eventStim,ses-001
sub-07,12.65502874461972,BOLD,11,visuotactile,v1,eventStim,ses-001
sub-07,2.293846171283236,VASO,1,visuotactile,v1,blockStim,ses-001
sub-07,2.5095295633435786,VASO,2,visuotactile,v1,blockStim,ses-001
sub-07,2.8340979427805593,VASO,3,visuotactile,v1,blockStim,ses-001
sub-07,3.5250168559457924,VASO,4,visuotactile,v1,blockStim,ses-001
sub-07,4.437942183208771,VASO,5,visuotactile,v1,blockStim,ses-001
sub-07,5.176711875775139,VASO,6,visuotactile,v1,blockStim,ses-001
sub-07,5.400910983426977,VASO,7,visuotactile,v1,blockStim,ses-001
sub-07,5.294311516668609,VASO,8,visuotactile,v1,blockStim,ses-001
sub-07,4.738993879919517,VASO,9,visuotactile,v1,blockStim,ses-001
sub-07,4.19707606032455,VASO,10,visuotactile,v1,blockStim,ses-001
sub-07,3.67859216991459,VASO,11,visuotactile,v1,blockStim,ses-001
sub-07,2.1007851025637456,VASO,1,visuotactile,v1,eventStim,ses-001
sub-07,2.369320444563447,VASO,2,visuotactile,v1,eventStim,ses-001
sub-07,2.626334339450553,VASO,3,visuotactile,v1,eventStim,ses-001
sub-07,2.6552910146804956,VASO,4,visuotactile,v1,eventStim,ses-001
sub-07,2.5856346914897093,VASO,5,visuotactile,v1,eventStim,ses-001
sub-07,2.7141876144989117,VASO,6,visuotactile,v1,eventStim,ses-001
sub-07,3.0249309905788353,VASO,7,visuotactile,v1,eventStim,ses-001
sub-07,3.5209753085405397,VASO,8,visuotactile,v1,eventStim,ses-001
sub-07,3.8010837151514774,VASO,9,visuotactile,v1,eventStim,ses-001
sub-07,3.6839781524008743,VASO,10,visuotactile,v1,eventStim,ses-001
sub-07,3.3194235407804347,VASO,11,visuotactile,v1,eventStim,ses-001
sub-07,2.2198402956244534,BOLD,1,visuotactile,s1,blockStim,ses-001
sub-07,3.6145633073414074,BOLD,2,visuotactile,s1,blockStim,ses-001
sub-07,6.23809964621245,BOLD,3,visuotactile,s1,blockStim,ses-001
sub-07,9.757034540176392,BOLD,4,visuotactile,s1,blockStim,ses-001
sub-07,12.982727578192046,BOLD,5,visuotactile,s1,blockStim,ses-001
sub-07,15.920635076130138,BOLD,6,visuotactile,s1,blockStim,ses-001
sub-07,17.72802952457877,BOLD,7,visuotactile,s1,blockStim,ses-001
sub-07,18.133435673183865,BOLD,8,visuotactile,s1,blockStim,ses-001
sub-07,17.276713937123617,BOLD,9,visuotactile,s1,blockStim,ses-001
sub-07,14.761357659517332,BOLD,10,visuotactile,s1,blockStim,ses-001
sub-07,13.104128941050115,BOLD,11,visuotactile,s1,blockStim,ses-001
sub-07,1.539642570540309,BOLD,1,visuotactile,s1,eventStim,ses-001
sub-07,2.277720323315373,BOLD,2,visuotactile,s1,eventStim,ses-001
sub-07,3.6129639200542285,BOLD,3,visuotactile,s1,eventStim,ses-001
sub-07,5.383726793030898,BOLD,4,visuotactile,s1,eventStim,ses-001
sub-07,7.870705025536673,BOLD,5,visuotactile,s1,eventStim,ses-001
sub-07,10.424990542080938,BOLD,6,visuotactile,s1,eventStim,ses-001
sub-07,12.495192203521729,BOLD,7,visuotactile,s1,eventStim,ses-001
sub-07,12.66592158317566,BOLD,8,visuotactile,s1,eventStim,ses-001
sub-07,11.148128852844238,BOLD,9,visuotactile,s1,eventStim,ses-001
sub-07,7.909255339549138,BOLD,10,visuotactile,s1,eventStim,ses-001
sub-07,4.805892588713994,BOLD,11,visuotactile,s1,eventStim,ses-001
sub-07,2.5372327715158463,VASO,1,visuotactile,s1,blockStim,ses-001
sub-07,3.3586529949132133,VASO,2,visuotactile,s1,blockStim,ses-001
sub-07,4.298092557423151,VASO,3,visuotactile,s1,blockStim,ses-001
sub-07,4.871073007583618,VASO,4,visuotactile,s1,blockStim,ses-001
sub-07,5.103294188326055,VASO,5,visuotactile,s1,blockStim,ses-001
sub-07,4.806398828240002,VASO,6,visuotactile,s1,blockStim,ses-001
sub-07,4.360010468784501,VASO,7,visuotactile,s1,blockStim,ses-001
sub-07,3.5937668301372065,VASO,8,visuotactile,s1,blockStim,ses-001
sub-07,2.64971885903428,VASO,9,visuotactile,s1,blockStim,ses-001
sub-07,1.4907454343317725,VASO,10,visuotactile,s1,blockStim,ses-001
sub-07,0.6476727431675173,VASO,11,visuotactile,s1,blockStim,ses-001
sub-07,0.4851506391229729,VASO,1,visuotactile,s1,eventStim,ses-001
sub-07,0.8265259997160347,VASO,2,visuotactile,s1,eventStim,ses-001
sub-07,1.1676452431989752,VASO,3,visuotactile,s1,eventStim,ses-001
sub-07,1.4900118078415592,VASO,4,visuotactile,s1,eventStim,ses-001
sub-07,1.778522936665282,VASO,5,visuotactile,s1,eventStim,ses-001
sub-07,2.0040521624745153,VASO,6,visuotactile,s1,eventStim,ses-001
sub-07,2.1173949382454156,VASO,7,visuotactile,s1,eventStim,ses-001
sub-07,2.0715311422944067,VASO,8,visuotactile,s1,eventStim,ses-001
sub-07,1.7973941195011138,VASO,9,visuotactile,s1,eventStim,ses-001
sub-07,1.3436091307264109,VASO,10,visuotactile,s1,eventStim,ses-001
sub-07,0.8756898985459254,VASO,11,visuotactile,s1,eventStim,ses-001
sub-08,4.835842478656231,BOLD,1,visuotactile,v1,blockStim,ses-001
sub-08,7.027839878582841,BOLD,2,visuotactile,v1,blockStim,ses-001
sub-08,10.00110402736035,BOLD,3,visuotactile,v1,blockStim,ses-001
sub-08,12.331282664989603,BOLD,4,visuotactile,v1,blockStim,ses-001
sub-08,14.215068285058184,BOLD,5,visuotactile,v1,blockStim,ses-001
sub-08,15.461123681837513,BOLD,6,visuotactile,v1,blockStim,ses-001
sub-08,16.5066817212267,BOLD,7,visuotactile,v1,blockStim,ses-001
sub-08,16.744199711343516,BOLD,8,visuotactile,v1,blockStim,ses-001
sub-08,17.44092578046462,BOLD,9,visuotactile,v1,blockStim,ses-001
sub-08,17.515395451994504,BOLD,10,visuotactile,v1,blockStim,ses-001
sub-08,17.168447075663387,BOLD,11,visuotactile,v1,blockStim,ses-001
sub-08,2.1416241196369317,BOLD,1,visuotactile,v1,eventStim,ses-001
sub-08,3.197161831650265,BOLD,2,visuotactile,v1,eventStim,ses-001
sub-08,4.715648593524327,BOLD,3,visuotactile,v1,eventStim,ses-001
sub-08,5.830242082305338,BOLD,4,visuotactile,v1,eventStim,ses-001
sub-08,6.834410990156779,BOLD,5,visuotactile,v1,eventStim,ses-001
sub-08,7.491223050702002,BOLD,6,visuotactile,v1,eventStim,ses-001
sub-08,8.40230586901814,BOLD,7,visuotactile,v1,eventStim,ses-001
sub-08,9.162435355393782,BOLD,8,visuotactile,v1,eventStim,ses-001
sub-08,10.20461143465603,BOLD,9,visuotactile,v1,eventStim,ses-001
sub-08,10.934717241455527,BOLD,10,visuotactile,v1,eventStim,ses-001
sub-08,11.212801765751195,BOLD,11,visuotactile,v1,eventStim,ses-001
sub-08,2.450755139232501,VASO,1,visuotactile,v1,blockStim,ses-001
sub-08,2.8713299884191623,VASO,2,visuotactile,v1,blockStim,ses-001
sub-08,3.634922144832192,VASO,3,visuotactile,v1,blockStim,ses-001
sub-08,4.199318154104825,VASO,4,visuotactile,v1,blockStim,ses-001
sub-08,4.625877830313473,VASO,5,visuotactile,v1,blockStim,ses-001
sub-08,4.736436421096686,VASO,6,visuotactile,v1,blockStim,ses-001
sub-08,4.599373914808238,VASO,7,visuotactile,v1,blockStim,ses-001
sub-08,3.8403186075173426,VASO,8,visuotactile,v1,blockStim,ses-001
sub-08,2.612996287698693,VASO,9,visuotactile,v1,blockStim,ses-001
sub-08,1.078146840829183,VASO,10,visuotactile,v1,blockStim,ses-001
sub-08,-0.20387872993140607,VASO,11,visuotactile,v1,blockStim,ses-001
sub-08,1.3732224702835083,VASO,1,visuotactile,v1,eventStim,ses-001
sub-08,1.5049519714903774,VASO,2,visuotactile,v1,eventStim,ses-001
sub-08,1.8892877949299394,VASO,3,visuotactile,v1,eventStim,ses-001
sub-08,2.1553365387793244,VASO,4,visuotactile,v1,eventStim,ses-001
sub-08,2.347004851530783,VASO,5,visuotactile,v1,eventStim,ses-001
sub-08,2.458562277329545,VASO,6,visuotactile,v1,eventStim,ses-001
sub-08,2.460837592199749,VASO,7,visuotactile,v1,eventStim,ses-001
sub-08,2.4198725632783296,VASO,8,visuotactile,v1,eventStim,ses-001
sub-08,1.9756320123560727,VASO,9,visuotactile,v1,eventStim,ses-001
sub-08,1.3309979229508078,VASO,10,visuotactile,v1,eventStim,ses-001
sub-08,0.7627318596114984,VASO,11,visuotactile,v1,eventStim,ses-001
sub-08,1.9066889846324921,BOLD,1,visuotactile,s1,blockStim,ses-001
sub-08,2.322490004114282,BOLD,2,visuotactile,s1,blockStim,ses-001
sub-08,3.262925612660391,BOLD,3,visuotactile,s1,blockStim,ses-001
sub-08,3.2688837407723716,BOLD,4,visuotactile,s1,blockStim,ses-001
sub-08,3.331514649857313,BOLD,5,visuotactile,s1,blockStim,ses-001
sub-08,3.2154099936014973,BOLD,6,visuotactile,s1,blockStim,ses-001
sub-08,3.6200517074683227,BOLD,7,visuotactile,s1,blockStim,ses-001
sub-08,4.494460522289008,BOLD,8,visuotactile,s1,blockStim,ses-001
sub-08,5.4668655202422345,BOLD,9,visuotactile,s1,blockStim,ses-001
sub-08,5.537018728417319,BOLD,10,visuotactile,s1,blockStim,ses-001
sub-08,4.801772690205662,BOLD,11,visuotactile,s1,blockStim,ses-001
sub-08,0.9474887976795435,BOLD,1,visuotactile,s1,eventStim,ses-001
sub-08,1.1063932359848223,BOLD,2,visuotactile,s1,eventStim,ses-001
sub-08,2.092682456597686,BOLD,3,visuotactile,s1,eventStim,ses-001
sub-08,2.683173502161019,BOLD,4,visuotactile,s1,eventStim,ses-001
sub-08,2.675718748416656,BOLD,5,visuotactile,s1,eventStim,ses-001
sub-08,2.3876297641545534,BOLD,6,visuotactile,s1,eventStim,ses-001
sub-08,2.0245916056069166,BOLD,7,visuotactile,s1,eventStim,ses-001
sub-08,2.4385687498979167,BOLD,8,visuotactile,s1,eventStim,ses-001
sub-08,3.146706399783282,BOLD,9,visuotactile,s1,eventStim,ses-001
sub-08,3.643657582837182,BOLD,10,visuotactile,s1,eventStim,ses-001
sub-08,3.6817212027532085,BOLD,11,visuotactile,s1,eventStim,ses-001
sub-08,1.307558677121997,VASO,1,visuotactile,s1,blockStim,ses-001
sub-08,1.3188650709852365,VASO,2,visuotactile,s1,blockStim,ses-001
sub-08,1.3415758106990585,VASO,3,visuotactile,s1,blockStim,ses-001
sub-08,1.141873421660368,VASO,4,visuotactile,s1,blockStim,ses-001
sub-08,1.4895264806631856,VASO,5,visuotactile,s1,blockStim,ses-001
sub-08,2.2212176288012415,VASO,6,visuotactile,s1,blockStim,ses-001
sub-08,2.84603122259314,VASO,7,visuotactile,s1,blockStim,ses-001
sub-08,3.059561862702101,VASO,8,visuotactile,s1,blockStim,ses-001
sub-08,2.537385884095246,VASO,9,visuotactile,s1,blockStim,ses-001
sub-08,1.2835958358907216,VASO,10,visuotactile,s1,blockStim,ses-001
sub-08,0.0995570451228155,VASO,11,visuotactile,s1,blockStim,ses-001
sub-08,1.1312707994878293,VASO,1,visuotactile,s1,eventStim,ses-001
sub-08,1.3440792421272523,VASO,2,visuotactile,s1,eventStim,ses-001
sub-08,1.9105386672142362,VASO,3,visuotactile,s1,eventStim,ses-001
sub-08,2.157162196394326,VASO,4,visuotactile,s1,eventStim,ses-001
sub-08,1.7921209038259127,VASO,5,visuotactile,s1,eventStim,ses-001
sub-08,1.4363237655488774,VASO,6,visuotactile,s1,eventStim,ses-001
sub-08,0.7605874470397327,VASO,7,visuotactile,s1,eventStim,ses-001
sub-08,0.6529571535459286,VASO,8,visuotactile,s1,eventStim,ses-001
sub-08,0.7586175812224687,VASO,9,visuotactile,s1,eventStim,ses-001
sub-08,0.7660907881988867,VASO,10,visuotactile,s1,eventStim,ses-001
sub-08,0.5564445787005954,VASO,11,visuotactile,s1,eventStim,ses-001
sub-09,4.401363634046108,BOLD,1,visuotactile,v1,blockStimLongTR,ses-001
sub-09,5.406865259463137,BOLD,2,visuotactile,v1,blockStimLongTR,ses-001
sub-09,6.494692462744152,BOLD,3,visuotactile,v1,blockStimLongTR,ses-001
sub-09,7.813359283276324,BOLD,4,visuotactile,v1,blockStimLongTR,ses-001
sub-09,9.335915931500494,BOLD,5,visuotactile,v1,blockStimLongTR,ses-001
sub-09,10.43655072987327,BOLD,6,visuotactile,v1,blockStimLongTR,ses-001
sub-09,11.62200252744807,BOLD,7,visuotactile,v1,blockStimLongTR,ses-001
sub-09,12.142580709896153,BOLD,8,visuotactile,v1,blockStimLongTR,ses-001
sub-09,11.569240649789572,BOLD,9,visuotactile,v1,blockStimLongTR,ses-001
sub-09,11.563674388026342,BOLD,10,visuotactile,v1,blockStimLongTR,ses-001
sub-09,9.280471258526367,BOLD,11,visuotactile,v1,blockStimLongTR,ses-001
sub-09,3.493228937058202,BOLD,1,visual,v1,blockStimVisOnly,ses-001
sub-09,4.2780459229148295,BOLD,2,visual,v1,blockStimVisOnly,ses-001
sub-09,4.949686409601717,BOLD,3,visual,v1,blockStimVisOnly,ses-001
sub-09,5.414161424662145,BOLD,4,visual,v1,blockStimVisOnly,ses-001
sub-09,5.814101911149919,BOLD,5,visual,v1,blockStimVisOnly,ses-001
sub-09,6.347940347872334,BOLD,6,visual,v1,blockStimVisOnly,ses-001
sub-09,6.801414460198492,BOLD,7,visual,v1,blockStimVisOnly,ses-001
sub-09,6.851034341388279,BOLD,8,visual,v1,blockStimVisOnly,ses-001
sub-09,6.619083441929384,BOLD,9,visual,v1,blockStimVisOnly,ses-001
sub-09,6.577976746762053,BOLD,10,visual,v1,blockStimVisOnly,ses-001
sub-09,5.807084406936361,BOLD,11,visual,v1,blockStimVisOnly,ses-001
sub-09,2.9548012899658667,BOLD,1,visuotactile,v1,blockStim,ses-001
sub-09,3.477075420352149,BOLD,2,visuotactile,v1,blockStim,ses-001
sub-09,4.195449619841306,BOLD,3,visuotactile,v1,blockStim,ses-001
sub-09,4.864702580644274,BOLD,4,visuotactile,v1,blockStim,ses-001
sub-09,5.732470340153668,BOLD,5,visuotactile,v1,blockStim,ses-001
sub-09,5.97480788666183,BOLD,6,visuotactile,v1,blockStim,ses-001
sub-09,6.975907600524589,BOLD,7,visuotactile,v1,blockStim,ses-001
sub-09,7.398985226154327,BOLD,8,visuotactile,v1,blockStim,ses-001
sub-09,7.442435848577456,BOLD,9,visuotactile,v1,blockStim,ses-001
sub-09,8.338307368945568,BOLD,10,visuotactile,v1,blockStim,ses-001
sub-09,7.591479536746779,BOLD,11,visuotactile,v1,blockStim,ses-001
sub-09,0.8681443776915628,VASO,1,visuotactile,v1,blockStimLongTR,ses-001
sub-09,1.493399354602943,VASO,2,visuotactile,v1,blockStimLongTR,ses-001
sub-09,2.2390980123317674,VASO,3,visuotactile,v1,blockStimLongTR,ses-001
sub-09,3.0724704421634943,VASO,4,visuotactile,v1,blockStimLongTR,ses-001
sub-09,3.673892269958742,VASO,5,visuotactile,v1,blockStimLongTR,ses-001
sub-09,3.891615234717294,VASO,6,visuotactile,v1,blockStimLongTR,ses-001
sub-09,3.942573184131557,VASO,7,visuotactile,v1,blockStimLongTR,ses-001
sub-09,3.729453842209445,VASO,8,visuotactile,v1,blockStimLongTR,ses-001
sub-09,3.2088617824018,VASO,9,visuotactile,v1,blockStimLongTR,ses-001
sub-09,2.5465159215684485,VASO,10,visuotactile,v1,blockStimLongTR,ses-001
sub-09,1.6833425291303186,VASO,11,visuotactile,v1,blockStimLongTR,ses-001
sub-09,1.010230215695051,VASO,1,visual,v1,blockStimVisOnly,ses-001
sub-09,1.299680769081493,VASO,2,visual,v1,blockStimVisOnly,ses-001
sub-09,1.410429064570827,VASO,3,visual,v1,blockStimVisOnly,ses-001
sub-09,1.4926242815717212,VASO,4,visual,v1,blockStimVisOnly,ses-001
sub-09,1.6798251007612635,VASO,5,visual,v1,blockStimVisOnly,ses-001
sub-09,1.911516908981308,VASO,6,visual,v1,blockStimVisOnly,ses-001
sub-09,2.1002657737933164,VASO,7,visual,v1,blockStimVisOnly,ses-001
sub-09,2.138674126577874,VASO,8,visual,v1,blockStimVisOnly,ses-001
sub-09,1.8816189096139913,VASO,9,visual,v1,blockStimVisOnly,ses-001
sub-09,1.4507833614469843,VASO,10,visual,v1,blockStimVisOnly,ses-001
sub-09,0.8270810085138486,VASO,11,visual,v1,blockStimVisOnly,ses-001
sub-09,0.790981057033475,VASO,1,visuotactile,v1,blockStim,ses-001
sub-09,1.0026808777447427,VASO,2,visuotactile,v1,blockStim,ses-001
sub-09,1.3024646396821378,VASO,3,visuotactile,v1,blockStim,ses-001
sub-09,1.5856530681744498,VASO,4,visuotactile,v1,blockStim,ses-001
sub-09,1.6252238249844595,VASO,5,visuotactile,v1,blockStim,ses-001
sub-09,1.4945808041114284,VASO,6,visuotactile,v1,blockStim,ses-001
sub-09,1.4818556695125806,VASO,7,visuotactile,v1,blockStim,ses-001
sub-09,1.3789678839842479,VASO,8,visuotactile,v1,blockStim,ses-001
sub-09,1.1957510478794575,VASO,9,visuotactile,v1,blockStim,ses-001
sub-09,1.0484594616087828,VASO,10,visuotactile,v1,blockStim,ses-001
sub-09,0.9256481629676155,VASO,11,visuotactile,v1,blockStim,ses-001
sub-09,2.3131057040854577,BOLD,1,visuotactile,s1,blockStimLongTR,ses-001
sub-09,2.2746334450244903,BOLD,2,visuotactile,s1,blockStimLongTR,ses-001
sub-09,2.344975083818038,BOLD,3,visuotactile,s1,blockStimLongTR,ses-001
sub-09,2.8664057886464493,BOLD,4,visuotactile,s1,blockStimLongTR,ses-001
sub-09,3.733406121002846,BOLD,5,visuotactile,s1,blockStimLongTR,ses-001
sub-09,5.075223765609896,BOLD,6,visuotactile,s1,blockStimLongTR,ses-001
sub-09,5.915492338402307,BOLD,7,visuotactile,s1,blockStimLongTR,ses-001
sub-09,6.6854680793971495,BOLD,8,visuotactile,s1,blockStimLongTR,ses-001
sub-09,6.612933405420997,BOLD,9,visuotactile,s1,blockStimLongTR,ses-001
sub-09,5.68793872975407,BOLD,10,visuotactile,s1,blockStimLongTR,ses-001
sub-09,4.609074435312124,BOLD,11,visuotactile,s1,blockStimLongTR,ses-001
sub-09,0.47114023193439825,BOLD,1,visual,s1,blockStimVisOnly,ses-001
sub-09,0.6195686164051294,BOLD,2,visual,s1,blockStimVisOnly,ses-001
sub-09,0.5886766244346897,BOLD,3,visual,s1,blockStimVisOnly,ses-001
sub-09,0.20271194044737115,BOLD,4,visual,s1,blockStimVisOnly,ses-001
sub-09,-0.023255508372056314,BOLD,5,visual,s1,blockStimVisOnly,ses-001
sub-09,-0.05392228422672762,BOLD,6,visual,s1,blockStimVisOnly,ses-001
sub-09,0.16734003933037028,BOLD,7,visual,s1,blockStimVisOnly,ses-001
sub-09,0.5160279873829794,BOLD,8,visual,s1,blockStimVisOnly,ses-001
sub-09,0.640529555936142,BOLD,9,visual,s1,blockStimVisOnly,ses-001
sub-09,0.8318801778129851,BOLD,10,visual,s1,blockStimVisOnly,ses-001
sub-09,0.9453715700478781,BOLD,11,visual,s1,blockStimVisOnly,ses-001
sub-09,0.24383734530281453,BOLD,1,visuotactile,s1,blockStim,ses-001
sub-09,0.23465594079717994,BOLD,2,visuotactile,s1,blockStim,ses-001
sub-09,0.4038848081758867,BOLD,3,visuotactile,s1,blockStim,ses-001
sub-09,0.9453124488511729,BOLD,4,visuotactile,s1,blockStim,ses-001
sub-09,1.7251849701231132,BOLD,5,visuotactile,s1,blockStim,ses-001
sub-09,2.722031925257076,BOLD,6,visuotactile,s1,blockStim,ses-001
sub-09,3.307409463936518,BOLD,7,visuotactile,s1,blockStim,ses-001
sub-09,3.94205005425237,BOLD,8,visuotactile,s1,blockStim,ses-001
sub-09,3.9138297564512885,BOLD,9,visuotactile,s1,blockStim,ses-001
sub-09,3.5128971545551066,BOLD,10,visuotactile,s1,blockStim,ses-001
sub-09,3.1142197401750655,BOLD,11,visuotactile,s1,blockStim,ses-001
sub-09,0.8083564224098587,VASO,1,visuotactile,s1,blockStimLongTR,ses-001
sub-09,0.7115582332015038,VASO,2,visuotactile,s1,blockStimLongTR,ses-001
sub-09,1.1439426804271837,VASO,3,visuotactile,s1,blockStimLongTR,ses-001
sub-09,1.7946925629780346,VASO,4,visuotactile,s1,blockStimLongTR,ses-001
sub-09,2.6493711819200487,VASO,5,visuotactile,s1,blockStimLongTR,ses-001
sub-09,3.576707226155764,VASO,6,visuotactile,s1,blockStimLongTR,ses-001
sub-09,3.962254059062723,VASO,7,visuotactile,s1,blockStimLongTR,ses-001
sub-09,3.97477137136148,VASO,8,visuotactile,s1,blockStimLongTR,ses-001
sub-09,3.143789168759868,VASO,9,visuotactile,s1,blockStimLongTR,ses-001
sub-09,1.9394568095479208,VASO,10,visuotactile,s1,blockStimLongTR,ses-001
sub-09,0.8550922260397956,VASO,11,visuotactile,s1,blockStimLongTR,ses-001
sub-09,0.41549733500107233,VASO,1,visual,s1,blockStimVisOnly,ses-001
sub-09,0.2690043902620673,VASO,2,visual,s1,blockStimVisOnly,ses-001
sub-09,0.04302196975719805,VASO,3,visual,s1,blockStimVisOnly,ses-001
sub-09,-0.23883593327824085,VASO,4,visual,s1,blockStimVisOnly,ses-001
sub-09,-0.2142481042728683,VASO,5,visual,s1,blockStimVisOnly,ses-001
sub-09,0.11601683225393679,VASO,6,visual,s1,blockStimVisOnly,ses-001
sub-09,0.516765102668775,VASO,7,visual,s1,blockStimVisOnly,ses-001
sub-09,0.8085371456317493,VASO,8,visual,s1,blockStimVisOnly,ses-001
sub-09,0.646740129256582,VASO,9,visual,s1,blockStimVisOnly,ses-001
sub-09,0.481271761839684,VASO,10,visual,s1,blockStimVisOnly,ses-001
sub-09,0.3343050260096788,VASO,11,visual,s1,blockStimVisOnly,ses-001
sub-09,0.21231566951982608,VASO,1,visuotactile,s1,blockStim,ses-001
sub-09,0.25259237851086075,VASO,2,visuotactile,s1,blockStim,ses-001
sub-09,0.4469450492722293,VASO,3,visuotactile,s1,blockStim,ses-001
sub-09,0.7532968870096189,VASO,4,visuotactile,s1,blockStim,ses-001
sub-09,1.016342692657328,VASO,5,visuotactile,s1,blockStim,ses-001
sub-09,1.1415182265507824,VASO,6,visuotactile,s1,blockStim,ses-001
sub-09,1.0504589533323752,VASO,7,visuotactile,s1,blockStim,ses-001
sub-09,0.8495361610287939,VASO,8,visuotactile,s1,blockStim,ses-001
sub-09,0.4613484435981804,VASO,9,visuotactile,s1,blockStim,ses-001
sub-09,-0.018023805645031806,VASO,10,visuotactile,s1,blockStim,ses-001
sub-09,-0.28193183257244525,VASO,11,visuotactile,s1,blockStim,ses-001
sub-09,2.648882080563047,BOLD,1,visual,v1,blockStimVisOnly,ses-002
sub-09,4.862488976777776,BOLD,2,visual,v1,blockStimVisOnly,ses-002
sub-09,7.0915781743284585,BOLD,3,visual,v1,blockStimVisOnly,ses-002
sub-09,8.337985787593142,BOLD,4,visual,v1,blockStimVisOnly,ses-002
sub-09,7.7992180640880875,BOLD,5,visual,v1,blockStimVisOnly,ses-002
sub-09,6.45082819997333,BOLD,6,visual,v1,blockStimVisOnly,ses-002
sub-09,3.946315111291985,BOLD,7,visual,v1,blockStimVisOnly,ses-002
sub-09,0.3392663703033967,BOLD,8,visual,v1,blockStimVisOnly,ses-002
sub-09,-1.5529052888760801,BOLD,9,visual,v1,blockStimVisOnly,ses-002
sub-09,-3.76754425236812,BOLD,10,visual,v1,blockStimVisOnly,ses-002
sub-09,-2.936343033344318,BOLD,11,visual,v1,blockStimVisOnly,ses-002
sub-09,0.0634034313261509,BOLD,1,visual,v1,eventStimVisOnly,ses-002
sub-09,0.838283318536062,BOLD,2,visual,v1,eventStimVisOnly,ses-002
sub-09,2.011298974679,BOLD,3,visual,v1,eventStimVisOnly,ses-002
sub-09,3.054588212093837,BOLD,4,visual,v1,eventStimVisOnly,ses-002
sub-09,3.6157054791083705,BOLD,5,visual,v1,eventStimVisOnly,ses-002
sub-09,3.577037489041686,BOLD,6,visual,v1,eventStimVisOnly,ses-002
sub-09,3.0256340330646885,BOLD,7,visual,v1,eventStimVisOnly,ses-002
sub-09,1.824077174213848,BOLD,8,visual,v1,eventStimVisOnly,ses-002
sub-09,0.6744808268229492,BOLD,9,visual,v1,eventStimVisOnly,ses-002
sub-09,-0.8842487630362694,BOLD,10,visual,v1,eventStimVisOnly,ses-002
sub-09,-1.3205455685846317,BOLD,11,visual,v1,eventStimVisOnly,ses-002
sub-09,1.3173111962511184,VASO,1,visual,v1,blockStimVisOnly,ses-002
sub-09,2.4113662897756227,VASO,2,visual,v1,blockStimVisOnly,ses-002
sub-09,3.9754630033520684,VASO,3,visual,v1,blockStimVisOnly,ses-002
sub-09,5.257104949632161,VASO,4,visual,v1,blockStimVisOnly,ses-002
sub-09,5.375497850087973,VASO,5,visual,v1,blockStimVisOnly,ses-002
sub-09,4.229475747793913,VASO,6,visual,v1,blockStimVisOnly,ses-002
sub-09,2.1063422074601537,VASO,7,visual,v1,blockStimVisOnly,ses-002
sub-09,-1.4187280402252718,VASO,8,visual,v1,blockStimVisOnly,ses-002
sub-09,-4.0670932585709405,VASO,9,visual,v1,blockStimVisOnly,ses-002
sub-09,-6.237541151734499,VASO,10,visual,v1,blockStimVisOnly,ses-002
sub-09,-6.849914732269752,VASO,11,visual,v1,blockStimVisOnly,ses-002
sub-09,0.17116368363829368,VASO,1,visual,v1,eventStimVisOnly,ses-002
sub-09,-0.20261603917338347,VASO,2,visual,v1,eventStimVisOnly,ses-002
sub-09,-1.0128827025924905,VASO,3,visual,v1,eventStimVisOnly,ses-002
sub-09,-1.9231514273814752,VASO,4,visual,v1,eventStimVisOnly,ses-002
sub-09,-2.5015083751999416,VASO,5,visual,v1,eventStimVisOnly,ses-002
sub-09,-2.410293191904202,VASO,6,visual,v1,eventStimVisOnly,ses-002
sub-09,-1.886742301014883,VASO,7,visual,v1,eventStimVisOnly,ses-002
sub-09,-0.43460430002638273,VASO,8,visual,v1,eventStimVisOnly,ses-002
sub-09,1.024495680801204,VASO,9,visual,v1,eventStimVisOnly,ses-002
sub-09,2.7873047349544673,VASO,10,visual,v1,eventStimVisOnly,ses-002
sub-09,3.4982863320754123,VASO,11,visual,v1,eventStimVisOnly,ses-002
sub-11,3.2037856181152167,BOLD,1,visuotactile,v1,blockStimLongTR,ses-001
sub-11,5.326701857325517,BOLD,2,visuotactile,v1,blockStimLongTR,ses-001
sub-11,7.837400777992316,BOLD,3,visuotactile,v1,blockStimLongTR,ses-001
sub-11,9.917790411702738,BOLD,4,visuotactile,v1,blockStimLongTR,ses-001
sub-11,11.010082026456027,BOLD,5,visuotactile,v1,blockStimLongTR,ses-001
sub-11,11.788051281864128,BOLD,6,visuotactile,v1,blockStimLongTR,ses-001
sub-11,12.319955067201095,BOLD,7,visuotactile,v1,blockStimLongTR,ses-001
sub-11,11.659998521795423,BOLD,8,visuotactile,v1,blockStimLongTR,ses-001
sub-11,10.741895078122615,BOLD,9,visuotactile,v1,blockStimLongTR,ses-001
sub-11,9.58132891007699,BOLD,10,visuotactile,v1,blockStimLongTR,ses-001
sub-11,8.68794545939524,BOLD,11,visuotactile,v1,blockStimLongTR,ses-001
sub-11,2.02044712388888,BOLD,1,visuotactile,v1,blockStim,ses-001
sub-11,4.936319472889106,BOLD,2,visuotactile,v1,blockStim,ses-001
sub-11,8.192304126736595,BOLD,3,visuotactile,v1,blockStim,ses-001
sub-11,10.638016907160715,BOLD,4,visuotactile,v1,blockStim,ses-001
sub-11,11.969314448485438,BOLD,5,visuotactile,v1,blockStim,ses-001
sub-11,12.624147141180563,BOLD,6,visuotactile,v1,blockStim,ses-001
sub-11,12.794780295455094,BOLD,7,visuotactile,v1,blockStim,ses-001
sub-11,11.909521334195935,BOLD,8,visuotactile,v1,blockStim,ses-001
sub-11,10.666127794173857,BOLD,9,visuotactile,v1,blockStim,ses-001
sub-11,9.428331878269091,BOLD,10,visuotactile,v1,blockStim,ses-001
sub-11,7.936663250400596,BOLD,11,visuotactile,v1,blockStim,ses-001
sub-11,0.6431414305620516,VASO,1,visuotactile,v1,blockStimLongTR,ses-001
sub-11,1.3619348736169437,VASO,2,visuotactile,v1,blockStimLongTR,ses-001
sub-11,2.129682459753495,VASO,3,visuotactile,v1,blockStimLongTR,ses-001
sub-11,2.981345759742212,VASO,4,visuotactile,v1,blockStimLongTR,ses-001
sub-11,3.6884740679056054,VASO,5,visuotactile,v1,blockStimLongTR,ses-001
sub-11,4.120586800237074,VASO,6,visuotactile,v1,blockStimLongTR,ses-001
sub-11,4.046417455104264,VASO,7,visuotactile,v1,blockStimLongTR,ses-001
sub-11,3.4874272150698844,VASO,8,visuotactile,v1,blockStimLongTR,ses-001
sub-11,2.6424267958849668,VASO,9,visuotactile,v1,blockStimLongTR,ses-001
sub-11,1.975959075964056,VASO,10,visuotactile,v1,blockStimLongTR,ses-001
sub-11,1.578048152211186,VASO,11,visuotactile,v1,blockStimLongTR,ses-001
sub-11,0.38715518582612274,VASO,1,visuotactile,v1,blockStim,ses-001
sub-11,1.1921945424051956,VASO,2,visuotactile,v1,blockStim,ses-001
sub-11,2.526914875681807,VASO,3,visuotactile,v1,blockStim,ses-001
sub-11,3.7182547662082133,VASO,4,visuotactile,v1,blockStim,ses-001
sub-11,4.749386918624776,VASO,5,visuotactile,v1,blockStim,ses-001
sub-11,5.327807431842419,VASO,6,visuotactile,v1,blockStim,ses-001
sub-11,5.011549916428824,VASO,7,visuotactile,v1,blockStim,ses-001
sub-11,4.2104361897378455,VASO,8,visuotactile,v1,blockStim,ses-001
sub-11,2.5130270157009362,VASO,9,visuotactile,v1,blockStim,ses-001
sub-11,1.3109463426517323,VASO,10,visuotactile,v1,blockStim,ses-001
sub-11,-0.09259890229122279,VASO,11,visuotactile,v1,blockStim,ses-001
sub-11,2.1365791437943487,BOLD,1,visuotactile,s1,blockStimLongTR,ses-001
sub-11,2.7505956042908766,BOLD,2,visuotactile,s1,blockStimLongTR,ses-001
sub-11,2.6706735373897987,BOLD,3,visuotactile,s1,blockStimLongTR,ses-001
sub-11,4.012586501548472,BOLD,4,visuotactile,s1,blockStimLongTR,ses-001
sub-11,4.6486503162056385,BOLD,5,visuotactile,s1,blockStimLongTR,ses-001
sub-11,4.928852208122447,BOLD,6,visuotactile,s1,blockStimLongTR,ses-001
sub-11,4.889512178077045,BOLD,7,visuotactile,s1,blockStimLongTR,ses-001
sub-11,4.428217805130648,BOLD,8,visuotactile,s1,blockStimLongTR,ses-001
sub-11,4.863370219778781,BOLD,9,visuotactile,s1,blockStimLongTR,ses-001
sub-11,3.4624673984612206,BOLD,10,visuotactile,s1,blockStimLongTR,ses-001
sub-11,2.5088933266388875,BOLD,11,visuotactile,s1,blockStimLongTR,ses-001
sub-11,0.9815960186975499,BOLD,1,visuotactile,s1,blockStim,ses-001
sub-11,1.5788392410383898,BOLD,2,visuotactile,s1,blockStim,ses-001
sub-11,2.3294100466912444,BOLD,3,visuotactile,s1,blockStim,ses-001
sub-11,2.562554549810517,BOLD,4,visuotactile,s1,blockStim,ses-001
sub-11,2.7440483114132057,BOLD,5,visuotactile,s1,blockStim,ses-001
sub-11,2.849550665489265,BOLD,6,visuotactile,s1,blockStim,ses-001
sub-11,2.8419056435703567,BOLD,7,visuotactile,s1,blockStim,ses-001
sub-11,2.759485409180079,BOLD,8,visuotactile,s1,blockStim,ses-001
sub-11,3.4177254803916988,BOLD,9,visuotactile,s1,blockStim,ses-001
sub-11,3.099806869801666,BOLD,10,visuotactile,s1,blockStim,ses-001
sub-11,2.631169991629819,BOLD,11,visuotactile,s1,blockStim,ses-001
sub-11,1.7425078394122584,VASO,1,visuotactile,s1,blockStimLongTR,ses-001
sub-11,1.9912013110011448,VASO,2,visuotactile,s1,blockStimLongTR,ses-001
sub-11,2.202405809001489,VASO,3,visuotactile,s1,blockStimLongTR,ses-001
sub-11,2.8489755349785453,VASO,4,visuotactile,s1,blockStimLongTR,ses-001
sub-11,3.1833800484388197,VASO,5,visuotactile,s1,blockStimLongTR,ses-001
sub-11,3.1867843509375393,VASO,6,visuotactile,s1,blockStimLongTR,ses-001
sub-11,3.0676028849026995,VASO,7,visuotactile,s1,blockStimLongTR,ses-001
sub-11,2.612054460329713,VASO,8,visuotactile,s1,blockStimLongTR,ses-001
sub-11,2.1216326708448867,VASO,9,visuotactile,s1,blockStimLongTR,ses-001
sub-11,1.4666599802897378,VASO,10,visuotactile,s1,blockStimLongTR,ses-001
sub-11,0.7726437415151547,VASO,11,visuotactile,s1,blockStimLongTR,ses-001
sub-11,0.42849233871441417,VASO,1,visuotactile,s1,blockStim,ses-001
sub-11,0.7569902896716139,VASO,2,visuotactile,s1,blockStim,ses-001
sub-11,1.041272213784131,VASO,3,visuotactile,s1,blockStim,ses-001
sub-11,1.3179811761795504,VASO,4,visuotactile,s1,blockStim,ses-001
sub-11,1.759792611231668,VASO,5,visuotactile,s1,blockStim,ses-001
sub-11,2.1041812780671396,VASO,6,visuotactile,s1,blockStim,ses-001
sub-11,2.0503158408045437,VASO,7,visuotactile,s1,blockStim,ses-001
sub-11,1.7383255972165055,VASO,8,visuotactile,s1,blockStim,ses-001
sub-11,1.50029082783297,VASO,9,visuotactile,s1,blockStim,ses-001
sub-11,0.7456401234126783,VASO,10,visuotactile,s1,blockStim,ses-001
sub-11,0.24653009963221847,VASO,11,visuotactile,s1,blockStim,ses-001
sub-11,0.690310270861298,BOLD,1,visuotactile,v1,blockStim,ses-002
sub-11,0.7647134972503409,BOLD,2,visuotactile,v1,blockStim,ses-002
sub-11,0.951410420451294,BOLD,3,visuotactile,v1,blockStim,ses-002
sub-11,1.347017003667019,BOLD,4,visuotactile,v1,blockStim,ses-002
sub-11,1.6862561441217125,BOLD,5,visuotactile,v1,blockStim,ses-002
sub-11,2.1829705622671596,BOLD,6,visuotactile,v1,blockStim,ses-002
sub-11,2.274440019084754,BOLD,7,visuotactile,v1,blockStim,ses-002
sub-11,2.6663483888527915,BOLD,8,visuotactile,v1,blockStim,ses-002
sub-11,2.562519653430895,BOLD,9,visuotactile,v1,blockStim,ses-002
sub-11,2.505790514154069,BOLD,10,visuotactile,v1,blockStim,ses-002
sub-11,2.2823994263422254,BOLD,11,visuotactile,v1,blockStim,ses-002
sub-11,0.5912143696229398,BOLD,1,visual,v1,eventStimRandom,ses-002
sub-11,0.8077175882814283,BOLD,2,visual,v1,eventStimRandom,ses-002
sub-11,1.283163050749373,BOLD,3,visual,v1,eventStimRandom,ses-002
sub-11,2.086947075437501,BOLD,4,visual,v1,eventStimRandom,ses-002
sub-11,2.9314118038270283,BOLD,5,visual,v1,eventStimRandom,ses-002
sub-11,3.7340372099795123,BOLD,6,visual,v1,eventStimRandom,ses-002
sub-11,3.995069861590505,BOLD,7,visual,v1,eventStimRandom,ses-002
sub-11,4.398011181892062,BOLD,8,visual,v1,eventStimRandom,ses-002
sub-11,4.508221120788501,BOLD,9,visual,v1,eventStimRandom,ses-002
sub-11,4.487565656052903,BOLD,10,visual,v1,eventStimRandom,ses-002
sub-11,4.013765529674642,BOLD,11,visual,v1,eventStimRandom,ses-002
sub-11,1.2462733323894897,BOLD,1,visuotactile,v1,eventStimRandom,ses-002
sub-11,1.433612057956105,BOLD,2,visuotactile,v1,eventStimRandom,ses-002
sub-11,1.7134671060686901,BOLD,3,visuotactile,v1,eventStimRandom,ses-002
sub-11,2.4980142336553306,BOLD,4,visuotactile,v1,eventStimRandom,ses-002
sub-11,3.3805533829780128,BOLD,5,visuotactile,v1,eventStimRandom,ses-002
sub-11,4.3530196075073695,BOLD,6,visuotactile,v1,eventStimRandom,ses-002
sub-11,4.478553247643624,BOLD,7,visuotactile,v1,eventStimRandom,ses-002
sub-11,4.7481846983181715,BOLD,8,visuotactile,v1,eventStimRandom,ses-002
sub-11,4.58348975273279,BOLD,9,visuotactile,v1,eventStimRandom,ses-002
sub-11,4.44627653202042,BOLD,10,visuotactile,v1,eventStimRandom,ses-002
sub-11,4.073284413300309,BOLD,11,visuotactile,v1,eventStimRandom,ses-002
sub-11,-0.2990682316677911,VASO,1,visuotactile,v1,blockStim,ses-002
sub-11,-0.13107159484669947,VASO,2,visuotactile,v1,blockStim,ses-002
sub-11,0.016599619876921486,VASO,3,visuotactile,v1,blockStim,ses-002
sub-11,0.11792124244805026,VASO,4,visuotactile,v1,blockStim,ses-002
sub-11,0.28378309890434716,VASO,5,visuotactile,v1,blockStim,ses-002
sub-11,0.42968797604209447,VASO,6,visuotactile,v1,blockStim,ses-002
sub-11,0.5875163391695364,VASO,7,visuotactile,v1,blockStim,ses-002
sub-11,0.7366081542718265,VASO,8,visuotactile,v1,blockStim,ses-002
sub-11,0.7580705146209743,VASO,9,visuotactile,v1,blockStim,ses-002
sub-11,0.6575947423778417,VASO,10,visuotactile,v1,blockStim,ses-002
sub-11,0.3421841988011318,VASO,11,visuotactile,v1,blockStim,ses-002
sub-11,0.5720316261357191,VASO,1,visual,v1,eventStimRandom,ses-002
sub-11,0.6650133473205972,VASO,2,visual,v1,eventStimRandom,ses-002
sub-11,0.8648305427514673,VASO,3,visual,v1,eventStimRandom,ses-002
sub-11,0.9679949213384957,VASO,4,visual,v1,eventStimRandom,ses-002
sub-11,0.9843229724475268,VASO,5,visual,v1,eventStimRandom,ses-002
sub-11,0.9937916646833235,VASO,6,visual,v1,eventStimRandom,ses-002
sub-11,1.0006223322857104,VASO,7,visual,v1,eventStimRandom,ses-002
sub-11,1.3162165436396616,VASO,8,visual,v1,eventStimRandom,ses-002
sub-11,1.528242539208478,VASO,9,visual,v1,eventStimRandom,ses-002
sub-11,1.8569647228810937,VASO,10,visual,v1,eventStimRandom,ses-002
sub-11,1.9063763673983367,VASO,11,visual,v1,eventStimRandom,ses-002
sub-11,0.3873727200109334,VASO,1,visuotactile,v1,eventStimRandom,ses-002
sub-11,0.5098083955066448,VASO,2,visuotactile,v1,eventStimRandom,ses-002
sub-11,0.6315053791408499,VASO,3,visuotactile,v1,eventStimRandom,ses-002
sub-11,0.7650421303184947,VASO,4,visuotactile,v1,eventStimRandom,ses-002
sub-11,0.8077316430651329,VASO,5,visuotactile,v1,eventStimRandom,ses-002
sub-11,0.8702567537270212,VASO,6,visuotactile,v1,eventStimRandom,ses-002
sub-11,0.7993402134649411,VASO,7,visuotactile,v1,eventStimRandom,ses-002
sub-11,1.0276489328718716,VASO,8,visuotactile,v1,eventStimRandom,ses-002
sub-11,1.1171486475952686,VASO,9,visuotactile,v1,eventStimRandom,ses-002
sub-11,1.3323108103242702,VASO,10,visuotactile,v1,eventStimRandom,ses-002
sub-11,1.339716040903666,VASO,11,visuotactile,v1,eventStimRandom,ses-002
sub-11,-0.10941040794694282,BOLD,1,visuotactile,s1,blockStim,ses-002
sub-11,0.4349942361303348,BOLD,2,visuotactile,s1,blockStim,ses-002
sub-11,1.0522792950657935,BOLD,3,visuotactile,s1,blockStim,ses-002
sub-11,1.5637694173363141,BOLD,4,visuotactile,s1,blockStim,ses-002
sub-11,1.5361791882038551,BOLD,5,visuotactile,s1,blockStim,ses-002
sub-11,1.1098595151502715,BOLD,6,visuotactile,s1,blockStim,ses-002
sub-11,0.7176077794084059,BOLD,7,visuotactile,s1,blockStim,ses-002
sub-11,0.5041307261497374,BOLD,8,visuotactile,s1,blockStim,ses-002
sub-11,0.5343629424770673,BOLD,9,visuotactile,s1,blockStim,ses-002
sub-11,0.39946332932595396,BOLD,10,visuotactile,s1,blockStim,ses-002
sub-11,0.14212617727961124,BOLD,11,visuotactile,s1,blockStim,ses-002
sub-11,0.4715244808929379,BOLD,1,visual,s1,eventStimRandom,ses-002
sub-11,0.5012737920800359,BOLD,2,visual,s1,eventStimRandom,ses-002
sub-11,0.523080920845527,BOLD,3,visual,s1,eventStimRandom,ses-002
sub-11,0.27226949983418713,BOLD,4,visual,s1,eventStimRandom,ses-002
sub-11,0.1892034271120155,BOLD,5,visual,s1,eventStimRandom,ses-002
sub-11,0.10897200892135601,BOLD,6,visual,s1,eventStimRandom,ses-002
sub-11,0.23878168282265375,BOLD,7,visual,s1,eventStimRandom,ses-002
sub-11,0.5663812270770404,BOLD,8,visual,s1,eventStimRandom,ses-002
sub-11,0.7700371968125304,BOLD,9,visual,s1,eventStimRandom,ses-002
sub-11,0.5497831875406518,BOLD,10,visual,s1,eventStimRandom,ses-002
sub-11,0.24643409910744854,BOLD,11,visual,s1,eventStimRandom,ses-002
sub-11,0.500458752832793,BOLD,1,visuotactile,s1,eventStimRandom,ses-002
sub-11,0.6977326651593965,BOLD,2,visuotactile,s1,eventStimRandom,ses-002
sub-11,1.0473353413672282,BOLD,3,visuotactile,s1,eventStimRandom,ses-002
sub-11,1.0095739347808477,BOLD,4,visuotactile,s1,eventStimRandom,ses-002
sub-11,1.0127268326434775,BOLD,5,visuotactile,s1,eventStimRandom,ses-002
sub-11,0.8737063200819313,BOLD,6,visuotactile,s1,eventStimRandom,ses-002
sub-11,1.3098338495607356,BOLD,7,visuotactile,s1,eventStimRandom,ses-002
sub-11,1.5337306402179578,BOLD,8,visuotactile,s1,eventStimRandom,ses-002
sub-11,1.4708160560950636,BOLD,9,visuotactile,s1,eventStimRandom,ses-002
sub-11,0.7090991982258856,BOLD,10,visuotactile,s1,eventStimRandom,ses-002
sub-11,-0.09283766855618783,BOLD,11,visuotactile,s1,eventStimRandom,ses-002
sub-11,-0.04325464493113345,VASO,1,visuotactile,s1,blockStim,ses-002
sub-11,0.5247546198554215,VASO,2,visuotactile,s1,blockStim,ses-002
sub-11,0.9927590717015595,VASO,3,visuotactile,s1,blockStim,ses-002
sub-11,1.0983704677588928,VASO,4,visuotactile,s1,blockStim,ses-002
sub-11,0.8741777833061715,VASO,5,visuotactile,s1,blockStim,ses-002
sub-11,0.5142362483170808,VASO,6,visuotactile,s1,blockStim,ses-002
sub-11,0.3124027962230944,VASO,7,visuotactile,s1,blockStim,ses-002
sub-11,0.37186317950709175,VASO,8,visuotactile,s1,blockStim,ses-002
sub-11,0.45758425787789747,VASO,9,visuotactile,s1,blockStim,ses-002
sub-11,0.23589058581274003,VASO,10,visuotactile,s1,blockStim,ses-002
sub-11,-0.032778418489864895,VASO,11,visuotactile,s1,blockStim,ses-002
sub-11,0.6155573170439437,VASO,1,visual,s1,eventStimRandom,ses-002
sub-11,0.3586629716875522,VASO,2,visual,s1,eventStimRandom,ses-002
sub-11,0.15578589458660833,VASO,3,visual,s1,eventStimRandom,ses-002
sub-11,-0.05970255511217854,VASO,4,visual,s1,eventStimRandom,ses-002
sub-11,0.05141944236319213,VASO,5,visual,s1,eventStimRandom,ses-002
sub-11,0.24520904968348925,VASO,6,visual,s1,eventStimRandom,ses-002
sub-11,0.37703060982416253,VASO,7,visual,s1,eventStimRandom,ses-002
sub-11,0.5654808145559189,VASO,8,visual,s1,eventStimRandom,ses-002
sub-11,0.5137990150973201,VASO,9,visual,s1,eventStimRandom,ses-002
sub-11,0.3953544843941927,VASO,10,visual,s1,eventStimRandom,ses-002
sub-11,0.1757374735201925,VASO,11,visual,s1,eventStimRandom,ses-002
sub-11,0.49115531657148026,VASO,1,visuotactile,s1,eventStimRandom,ses-002
sub-11,0.3142055769046572,VASO,2,visuotactile,s1,eventStimRandom,ses-002
sub-11,0.342417609531047,VASO,3,visuotactile,s1,eventStimRandom,ses-002
sub-11,0.3052647674246853,VASO,4,visuotactile,s1,eventStimRandom,ses-002
sub-11,0.4060257723343382,VASO,5,visuotactile,s1,eventStimRandom,ses-002
sub-11,0.6229053193628288,VASO,6,visuotactile,s1,eventStimRandom,ses-002
sub-11,0.9712385571960892,VASO,7,visuotactile,s1,eventStimRandom,ses-002
sub-11,1.1632889691549075,VASO,8,visuotactile,s1,eventStimRandom,ses-002
sub-11,0.8677369378879667,VASO,9,visuotactile,s1,eventStimRandom,ses-002
sub-11,0.3111781009065453,VASO,10,visuotactile,s1,eventStimRandom,ses-002
sub-11,-0.160384623437754,VASO,11,visuotactile,s1,eventStimRandom,ses-002
sub-12,3.3144103797608393,BOLD,1,visuotactile,v1,blockStim,ses-001
sub-12,4.612542579756417,BOLD,2,visuotactile,v1,blockStim,ses-001
sub-12,5.915771444849266,BOLD,3,visuotactile,v1,blockStim,ses-001
sub-12,7.185354492561303,BOLD,4,visuotactile,v1,blockStim,ses-001
sub-12,8.495314083801484,BOLD,5,visuotactile,v1,blockStim,ses-001
sub-12,9.79727717234116,BOLD,6,visuotactile,v1,blockStim,ses-001
sub-12,10.883941989216044,BOLD,7,visuotactile,v1,blockStim,ses-001
sub-12,12.87792063946743,BOLD,8,visuotactile,v1,blockStim,ses-001
sub-12,15.308566960115586,BOLD,9,visuotactile,v1,blockStim,ses-001
sub-12,18.256058376574632,BOLD,10,visuotactile,v1,blockStim,ses-001
sub-12,20.171231268355566,BOLD,11,visuotactile,v1,blockStim,ses-001
sub-12,1.392784919745804,BOLD,1,visual,v1,eventStimRandom,ses-001
sub-12,2.0449279430526173,BOLD,2,visual,v1,eventStimRandom,ses-001
sub-12,3.001147094855105,BOLD,3,visual,v1,eventStimRandom,ses-001
sub-12,3.9422717185268614,BOLD,4,visual,v1,eventStimRandom,ses-001
sub-12,4.901210669086862,BOLD,5,visual,v1,eventStimRandom,ses-001
sub-12,5.760605038686966,BOLD,6,visual,v1,eventStimRandom,ses-001
sub-12,6.290128874262487,BOLD,7,visual,v1,eventStimRandom,ses-001
sub-12,7.263509850904524,BOLD,8,visual,v1,eventStimRandom,ses-001
sub-12,8.30182278297481,BOLD,9,visual,v1,eventStimRandom,ses-001
sub-12,9.610448773818858,BOLD,10,visual,v1,eventStimRandom,ses-001
sub-12,10.649974587865128,BOLD,11,visual,v1,eventStimRandom,ses-001
sub-12,1.5868140598458729,BOLD,1,visuotactile,v1,eventStimRandom,ses-001
sub-12,2.37238353677094,BOLD,2,visuotactile,v1,eventStimRandom,ses-001
sub-12,3.354233247628066,BOLD,3,visuotactile,v1,eventStimRandom,ses-001
sub-12,4.2594614213256365,BOLD,4,visuotactile,v1,eventStimRandom,ses-001
sub-12,5.124743688904915,BOLD,5,visuotactile,v1,eventStimRandom,ses-001
sub-12,5.852119924929483,BOLD,6,visuotactile,v1,eventStimRandom,ses-001
sub-12,6.297007239768355,BOLD,7,visuotactile,v1,eventStimRandom,ses-001
sub-12,7.190509394864994,BOLD,8,visuotactile,v1,eventStimRandom,ses-001
sub-12,8.289112273723848,BOLD,9,visuotactile,v1,eventStimRandom,ses-001
sub-12,9.68702815870444,BOLD,10,visuotactile,v1,eventStimRandom,ses-001
sub-12,10.76752794594128,BOLD,11,visuotactile,v1,eventStimRandom,ses-001
sub-12,1.1281530193989462,VASO,1,visuotactile,v1,blockStim,ses-001
sub-12,1.4748324125076986,VASO,2,visuotactile,v1,blockStim,ses-001
sub-12,1.9167401919625564,VASO,3,visuotactile,v1,blockStim,ses-001
sub-12,2.2949436555136615,VASO,4,visuotactile,v1,blockStim,ses-001
sub-12,2.624517912293948,VASO,5,visuotactile,v1,blockStim,ses-001
sub-12,2.855406018202765,VASO,6,visuotactile,v1,blockStim,ses-001
sub-12,3.461678037324583,VASO,7,visuotactile,v1,blockStim,ses-001
sub-12,4.283589309014647,VASO,8,visuotactile,v1,blockStim,ses-001
sub-12,5.379251806621229,VASO,9,visuotactile,v1,blockStim,ses-001
sub-12,6.084295525153478,VASO,10,visuotactile,v1,blockStim,ses-001
sub-12,5.8415897166506845,VASO,11,visuotactile,v1,blockStim,ses-001
sub-12,0.25736052357155753,VASO,1,visual,v1,eventStimRandom,ses-001
sub-12,0.4045251997267892,VASO,2,visual,v1,eventStimRandom,ses-001
sub-12,0.5961269292171829,VASO,3,visual,v1,eventStimRandom,ses-001
sub-12,0.6856680609957492,VASO,4,visual,v1,eventStimRandom,ses-001
sub-12,0.6798220589509917,VASO,5,visual,v1,eventStimRandom,ses-001
sub-12,0.663841482423442,VASO,6,visual,v1,eventStimRandom,ses-001
sub-12,0.5778835926270919,VASO,7,visual,v1,eventStimRandom,ses-001
sub-12,0.6137801508319034,VASO,8,visual,v1,eventStimRandom,ses-001
sub-12,0.6592537223872158,VASO,9,visual,v1,eventStimRandom,ses-001
sub-12,0.7355849564988531,VASO,10,visual,v1,eventStimRandom,ses-001
sub-12,0.7632937908999807,VASO,11,visual,v1,eventStimRandom,ses-001
sub-12,0.4479870716669656,VASO,1,visuotactile,v1,eventStimRandom,ses-001
sub-12,0.6323549088485765,VASO,2,visuotactile,v1,eventStimRandom,ses-001
sub-12,0.728063963528467,VASO,3,visuotactile,v1,eventStimRandom,ses-001
sub-12,0.6968326786226596,VASO,4,visuotactile,v1,eventStimRandom,ses-001
sub-12,0.5991713447453639,VASO,5,visuotactile,v1,eventStimRandom,ses-001
sub-12,0.554622573361389,VASO,6,visuotactile,v1,eventStimRandom,ses-001
sub-12,0.6650725870418883,VASO,7,visuotactile,v1,eventStimRandom,ses-001
sub-12,0.8411945377594088,VASO,8,visuotactile,v1,eventStimRandom,ses-001
sub-12,0.9925079368160016,VASO,9,visuotactile,v1,eventStimRandom,ses-001
sub-12,1.0448092115979057,VASO,10,visuotactile,v1,eventStimRandom,ses-001
sub-12,0.9828246921671103,VASO,11,visuotactile,v1,eventStimRandom,ses-001
sub-13,3.15526614128015,BOLD,1,visuotactile,v1,blockStim,ses-001
sub-13,3.3907451714788164,BOLD,2,visuotactile,v1,blockStim,ses-001
sub-13,3.8296011351048946,BOLD,3,visuotactile,v1,blockStim,ses-001
sub-13,4.3637818365680925,BOLD,4,visuotactile,v1,blockStim,ses-001
sub-13,5.344652364128514,BOLD,5,visuotactile,v1,blockStim,ses-001
sub-13,6.387916694987904,BOLD,6,visuotactile,v1,blockStim,ses-001
sub-13,7.019366070375604,BOLD,7,visuotactile,v1,blockStim,ses-001
sub-13,7.72983705997467,BOLD,8,visuotactile,v1,blockStim,ses-001
sub-13,8.102286155106592,BOLD,9,visuotactile,v1,blockStim,ses-001
sub-13,9.965412428884795,BOLD,10,visuotactile,v1,blockStim,ses-001
sub-13,11.985438113862818,BOLD,11,visuotactile,v1,blockStim,ses-001
sub-13,1.4083401790987222,BOLD,1,visual,v1,eventStimRandom,ses-001
sub-13,1.5393035350966133,BOLD,2,visual,v1,eventStimRandom,ses-001
sub-13,1.6844223319203593,BOLD,3,visual,v1,eventStimRandom,ses-001
sub-13,1.9704034933630301,BOLD,4,visual,v1,eventStimRandom,ses-001
sub-13,2.239967134960911,BOLD,5,visual,v1,eventStimRandom,ses-001
sub-13,2.6277484395287254,BOLD,6,visual,v1,eventStimRandom,ses-001
sub-13,3.0462312314469937,BOLD,7,visual,v1,eventStimRandom,ses-001
sub-13,3.517837790506227,BOLD,8,visual,v1,eventStimRandom,ses-001
sub-13,3.8224517243807434,BOLD,9,visual,v1,eventStimRandom,ses-001
sub-13,4.8123397682652325,BOLD,10,visual,v1,eventStimRandom,ses-001
sub-13,5.743644232099706,BOLD,11,visual,v1,eventStimRandom,ses-001
sub-13,1.9900309936358378,BOLD,1,visuotactile,v1,eventStimRandom,ses-001
sub-13,2.162389239163271,BOLD,2,visuotactile,v1,eventStimRandom,ses-001
sub-13,2.317870360915549,BOLD,3,visuotactile,v1,eventStimRandom,ses-001
sub-13,2.6055510482009576,BOLD,4,visuotactile,v1,eventStimRandom,ses-001
sub-13,3.0339931458757636,BOLD,5,visuotactile,v1,eventStimRandom,ses-001
sub-13,3.5248551867224953,BOLD,6,visuotactile,v1,eventStimRandom,ses-001
sub-13,3.9793153576931712,BOLD,7,visuotactile,v1,eventStimRandom,ses-001
sub-13,4.218405689511981,BOLD,8,visuotactile,v1,eventStimRandom,ses-001
sub-13,4.319931788522689,BOLD,9,visuotactile,v1,eventStimRandom,ses-001
sub-13,4.90041459871061,BOLD,10,visuotactile,v1,eventStimRandom,ses-001
sub-13,5.694030227986249,BOLD,11,visuotactile,v1,eventStimRandom,ses-001
sub-13,1.4343990905162616,VASO,1,visuotactile,v1,blockStim,ses-001
sub-13,1.7899746719215597,VASO,2,visuotactile,v1,blockStim,ses-001
sub-13,2.2425270806998014,VASO,3,visuotactile,v1,blockStim,ses-001
sub-13,2.6936856483926577,VASO,4,visuotactile,v1,blockStim,ses-001
sub-13,3.259834149427581,VASO,5,visuotactile,v1,blockStim,ses-001
sub-13,3.9945554083043877,VASO,6,visuotactile,v1,blockStim,ses-001
sub-13,4.7206217394036765,VASO,7,visuotactile,v1,blockStim,ses-001
sub-13,4.940325077090945,VASO,8,visuotactile,v1,blockStim,ses-001
sub-13,4.465627205176432,VASO,9,visuotactile,v1,blockStim,ses-001
sub-13,3.31722715305108,VASO,10,visuotactile,v1,blockStim,ses-001
sub-13,1.8745088391005993,VASO,11,visuotactile,v1,blockStim,ses-001
sub-13,0.4702616709117324,VASO,1,visual,v1,eventStimRandom,ses-001
sub-13,0.6490077808723852,VASO,2,visual,v1,eventStimRandom,ses-001
sub-13,1.2832726967317285,VASO,3,visual,v1,eventStimRandom,ses-001
sub-13,1.685067589641834,VASO,4,visual,v1,eventStimRandom,ses-001
sub-13,1.8501653347099036,VASO,5,visual,v1,eventStimRandom,ses-001
sub-13,1.897920752655376,VASO,6,visual,v1,eventStimRandom,ses-001
sub-13,1.7688351889788094,VASO,7,visual,v1,eventStimRandom,ses-001
sub-13,1.3384059052748074,VASO,8,visual,v1,eventStimRandom,ses-001
sub-13,0.708708254467757,VASO,9,visual,v1,eventStimRandom,ses-001
sub-13,0.28203198505269195,VASO,10,visual,v1,eventStimRandom,ses-001
sub-13,-0.14233118965057656,VASO,11,visual,v1,eventStimRandom,ses-001
sub-13,1.199813303274986,VASO,1,visuotactile,v1,eventStimRandom,ses-001
sub-13,1.271395435922646,VASO,2,visuotactile,v1,eventStimRandom,ses-001
sub-13,1.7112767685903236,VASO,3,visuotactile,v1,eventStimRandom,ses-001
sub-13,1.9656496816219724,VASO,4,visuotactile,v1,eventStimRandom,ses-001
sub-13,2.142483367339561,VASO,5,visuotactile,v1,eventStimRandom,ses-001
sub-13,2.22762102521956,VASO,6,visuotactile,v1,eventStimRandom,ses-001
sub-13,2.259144986079911,VASO,7,visuotactile,v1,eventStimRandom,ses-001
sub-13,1.9658758326300554,VASO,8,visuotactile,v1,eventStimRandom,ses-001
sub-13,1.258892496383642,VASO,9,visuotactile,v1,eventStimRandom,ses-001
sub-13,0.6767508728768338,VASO,10,visuotactile,v1,eventStimRandom,ses-001
sub-13,0.011876028316857462,VASO,11,visuotactile,v1,eventStimRandom,ses-001
sub-14,2.78125604391098,BOLD,1,visuotactile,v1,blockStim,ses-001
sub-14,4.014843125812343,BOLD,2,visuotactile,v1,blockStim,ses-001
sub-14,5.229545559201922,BOLD,3,visuotactile,v1,blockStim,ses-001
sub-14,6.802913221262269,BOLD,4,visuotactile,v1,blockStim,ses-001
sub-14,8.36277266911098,BOLD,5,visuotactile,v1,blockStim,ses-001
sub-14,9.962555140256882,BOLD,6,visuotactile,v1,blockStim,ses-001
sub-14,11.290802140389719,BOLD,7,visuotactile,v1,blockStim,ses-001
sub-14,12.988327087894563,BOLD,8,visuotactile,v1,blockStim,ses-001
sub-14,14.59393598139286,BOLD,9,visuotactile,v1,blockStim,ses-001
sub-14,15.791928533523802,BOLD,10,visuotactile,v1,blockStim,ses-001
sub-14,16.51437178780051,BOLD,11,visuotactile,v1,blockStim,ses-001
sub-14,0.6237622867027919,BOLD,1,visual,v1,eventStimRandom,ses-001
sub-14,1.2814148903870193,BOLD,2,visual,v1,eventStimRandom,ses-001
sub-14,2.221497504011033,BOLD,3,visual,v1,eventStimRandom,ses-001
sub-14,3.2584726426561,BOLD,4,visual,v1,eventStimRandom,ses-001
sub-14,3.972879122173975,BOLD,5,visual,v1,eventStimRandom,ses-001
sub-14,4.743965405970812,BOLD,6,visual,v1,eventStimRandom,ses-001
sub-14,5.2761665467293035,BOLD,7,visual,v1,eventStimRandom,ses-001
sub-14,5.977867887866113,BOLD,8,visual,v1,eventStimRandom,ses-001
sub-14,6.572998538613319,BOLD,9,visual,v1,eventStimRandom,ses-001
sub-14,7.052532309577579,BOLD,10,visual,v1,eventStimRandom,ses-001
sub-14,7.290171721402337,BOLD,11,visual,v1,eventStimRandom,ses-001
sub-14,0.5544483445584774,BOLD,1,visuotactile,v1,eventStimRandom,ses-001
sub-14,1.1172770573910265,BOLD,2,visuotactile,v1,eventStimRandom,ses-001
sub-14,2.108737613237093,BOLD,3,visuotactile,v1,eventStimRandom,ses-001
sub-14,3.1956008500972035,BOLD,4,visuotactile,v1,eventStimRandom,ses-001
sub-14,3.7510410774321783,BOLD,5,visuotactile,v1,eventStimRandom,ses-001
sub-14,4.226349217817187,BOLD,6,visuotactile,v1,eventStimRandom,ses-001
sub-14,4.497845380536972,BOLD,7,visuotactile,v1,eventStimRandom,ses-001
sub-14,5.061215181504527,BOLD,8,visuotactile,v1,eventStimRandom,ses-001
sub-14,5.627195987850428,BOLD,9,visuotactile,v1,eventStimRandom,ses-001
sub-14,6.237411972076174,BOLD,10,visuotactile,v1,eventStimRandom,ses-001
sub-14,6.6930401675841384,BOLD,11,visuotactile,v1,eventStimRandom,ses-001
sub-14,1.9122990717490513,VASO,1,visuotactile,v1,blockStim,ses-001
sub-14,3.0588680301014275,VASO,2,visuotactile,v1,blockStim,ses-001
sub-14,4.2923566604417465,VASO,3,visuotactile,v1,blockStim,ses-001
sub-14,5.198165836980787,VASO,4,visuotactile,v1,blockStim,ses-001
sub-14,5.803659212021601,VASO,5,visuotactile,v1,blockStim,ses-001
sub-14,5.581119492650032,VASO,6,visuotactile,v1,blockStim,ses-001
sub-14,4.867034539580345,VASO,7,visuotactile,v1,blockStim,ses-001
sub-14,3.520921936919612,VASO,8,visuotactile,v1,blockStim,ses-001
sub-14,1.5316395659465343,VASO,9,visuotactile,v1,blockStim,ses-001
sub-14,-0.7771655895288975,VASO,10,visuotactile,v1,blockStim,ses-001
sub-14,-2.555301151731435,VASO,11,visuotactile,v1,blockStim,ses-001
sub-14,0.5965722690025965,VASO,1,visual,v1,eventStimRandom,ses-001
sub-14,0.9521306025810906,VASO,2,visual,v1,eventStimRandom,ses-001
sub-14,1.3660390561535245,VASO,3,visual,v1,eventStimRandom,ses-001
sub-14,1.6585751377930076,VASO,4,visual,v1,eventStimRandom,ses-001
sub-14,1.9484823715119135,VASO,5,visual,v1,eventStimRandom,ses-001
sub-14,2.1370117305777967,VASO,6,visual,v1,eventStimRandom,ses-001
sub-14,2.058601540978998,VASO,7,visual,v1,eventStimRandom,ses-001
sub-14,1.9669694576051928,VASO,8,visual,v1,eventStimRandom,ses-001
sub-14,1.6666371084284037,VASO,9,visual,v1,eventStimRandom,ses-001
sub-14,1.5598057746768943,VASO,10,visual,v1,eventStimRandom,ses-001
sub-14,1.3166864978916504,VASO,11,visual,v1,eventStimRandom,ses-001
sub-14,1.3296816830833753,VASO,1,visuotactile,v1,eventStimRandom,ses-001
sub-14,1.661199924398641,VASO,2,visuotactile,v1,eventStimRandom,ses-001
sub-14,2.0335896357539154,VASO,3,visuotactile,v1,eventStimRandom,ses-001
sub-14,2.3023181426323065,VASO,4,visuotactile,v1,eventStimRandom,ses-001
sub-14,2.340717451913016,VASO,5,visuotactile,v1,eventStimRandom,ses-001
sub-14,2.2214432251639664,VASO,6,visuotactile,v1,eventStimRandom,ses-001
sub-14,1.8180812349723232,VASO,7,visuotactile,v1,eventStimRandom,ses-001
sub-14,1.5946681416563449,VASO,8,visuotactile,v1,eventStimRandom,ses-001
sub-14,1.1940254683140665,VASO,9,visuotactile,v1,eventStimRandom,ses-001
sub-14,1.1594900325206774,VASO,10,visuotactile,v1,eventStimRandom,ses-001
sub-14,1.0276408011422438,VASO,11,visuotactile,v1,eventStimRandom,ses-001
